order_id,customer_id,product_id,quantity,order_date,ship_date,delivery_date,price,total_price,category
676,47,33,2,2024-12-24,2024-12-25,2025-01-02,193.22,386.44,Books
889,18,33,3,2025-03-13,2025-03-19,2025-03-26,193.22,579.66,Books
488,97,33,1,2025-07-12,2025-07-14,2025-07-16,193.22,193.22,Books
515,68,33,2,2025-06-20,2025-06-23,2025-06-28,193.22,386.44,Books
591,51,33,3,2025-07-05,2025-07-06,2025-07-09,193.22,579.66,Books
529,46,33,1,2024-12-30,2025-01-04,2025-01-06,193.22,193.22,Books
861,33,1,2,2025-09-01,2025-09-03,2025-09-05,251.82,503.64,Books
749,6,3,2,2025-06-13,2025-06-14,2025-06-24,431.94,863.88,Books
791,38,3,3,2025-05-17,2025-05-22,2025-05-27,431.94,1295.82,Books
298,99,26,5,2024-10-25,2024-10-27,2024-10-30,383.36,1916.8,Books
738,6,26,1,2025-06-22,2025-06-24,2025-06-28,383.36,383.36,Books
279,90,26,3,2025-06-09,2025-06-16,2025-06-21,383.36,1150.08,Books
369,85,26,3,2025-06-01,2025-06-04,2025-06-10,383.36,1150.08,Books
53,73,34,3,2025-06-16,2025-06-23,2025-06-25,89.16,267.48,Books
287,61,34,4,2025-01-24,2025-01-29,,89.16,356.64,Books
191,90,17,3,2025-09-09,2025-09-11,,377.93,1133.79,Books
283,78,17,1,2025-03-09,2025-03-11,2025-03-19,377.93,377.93,Books
178,7,17,4,2025-02-19,2025-02-22,2025-02-23,377.93,1511.72,Books
667,100,17,4,2024-12-06,2024-12-10,2024-12-20,377.93,1511.72,Books
964,39,44,1,2025-06-17,2025-06-17,2025-06-26,127.33,127.33,Books
490,37,44,5,2024-10-13,2024-10-20,,127.33,636.65,Books
484,7,44,1,2024-09-18,2024-09-18,2024-09-20,127.33,127.33,Books
353,73,44,2,2024-10-10,2024-10-10,2024-10-15,127.33,254.66,Books
824,73,44,2,2024-10-25,2024-10-26,2024-10-31,127.33,254.66,Books
698,79,35,1,2025-04-17,2025-04-20,2025-04-29,477.21,477.21,Books
26,14,16,2,2025-05-01,2025-05-01,2025-05-02,443.55,887.1,Books
345,9,16,3,2025-08-29,2025-08-30,2025-09-08,443.55,1330.65,Books
885,58,39,1,2025-03-31,2025-04-07,2025-04-13,249.42,249.42,Clothing
322,76,38,4,2024-11-13,2024-11-14,2024-11-22,303.48,1213.92,Clothing
288,36,12,5,2025-02-20,2025-02-22,2025-03-01,281.08,1405.4,Clothing
647,89,29,3,2024-12-11,2024-12-13,2024-12-18,316.4,949.2,Clothing
654,87,29,1,2024-12-24,2024-12-29,,316.4,316.4,Clothing
303,81,29,1,2025-04-17,2025-04-19,2025-04-20,316.4,316.4,Clothing
645,40,29,5,2025-07-01,2025-07-05,2025-07-12,316.4,1582.0,Clothing
755,95,20,5,2024-10-26,2024-10-27,,153.82,769.1,Clothing
917,43,20,1,2025-02-18,2025-02-24,2025-03-05,153.82,153.82,Clothing
480,48,20,3,2025-04-08,2025-04-12,2025-04-14,153.82,461.46,Clothing
666,72,8,3,2025-03-13,2025-03-15,2025-03-22,198.54,595.62,Clothing
184,7,23,2,2025-07-17,2025-07-24,,363.83,727.66,Clothing
373,78,23,2,2025-01-13,2025-01-16,2025-01-23,363.83,727.66,Clothing
516,100,23,3,2025-03-10,2025-03-14,2025-03-22,363.83,1091.49,Clothing
249,15,5,4,2025-02-24,2025-02-24,,88.39,353.56,Clothing
575,97,48,4,2025-06-02,2025-06-06,2025-06-13,368.63,1474.52,Clothing
774,61,48,1,2025-05-10,2025-05-13,2025-05-19,368.63,368.63,Clothing
742,58,49,5,2024-11-23,2024-11-26,2024-12-03,409.85,2049.25,Clothing
831,58,49,3,2025-07-17,2025-07-19,2025-07-25,409.85,1229.55,Clothing
12,76,15,1,2025-08-29,2025-08-31,2025-09-07,66.13,66.13,Clothing
295,98,36,1,2025-01-20,2025-01-25,2025-01-26,461.99,461.99,Clothing
556,40,36,4,2025-05-30,2025-05-31,2025-06-05,461.99,1847.96,Clothing
992,46,36,4,2025-03-18,2025-03-19,2025-03-28,461.99,1847.96,Clothing
850,8,36,5,2025-07-02,2025-07-05,2025-07-08,461.99,2309.95,Clothing
202,69,28,3,2025-08-07,2025-08-07,2025-08-13,62.14,186.42,Electronics
715,78,10,3,2025-01-31,2025-02-02,2025-02-09,239.34,718.02,Electronics
463,28,10,4,2024-12-13,2024-12-16,2024-12-24,239.34,957.36,Electronics
520,78,10,1,2025-08-15,2025-08-16,2025-08-21,239.34,239.34,Electronics
958,68,10,2,2025-03-02,2025-03-02,,239.34,478.68,Electronics
247,57,22,2,2024-09-16,2024-09-16,2024-09-24,11.59,23.18,Electronics
99,52,22,3,2025-04-01,2025-04-03,2025-04-12,11.59,34.77,Electronics
126,84,21,4,2025-02-08,2025-02-10,2025-02-11,87.5,350.0,Home
395,72,21,5,2025-06-12,2025-06-13,2025-06-17,87.5,437.5,Home
724,21,21,5,2025-04-28,2025-04-29,2025-05-02,87.5,437.5,Home
310,71,27,1,2025-06-18,2025-06-20,2025-06-28,258.76,258.76,Home
953,71,27,1,2025-01-18,2025-01-19,2025-01-28,258.76,258.76,Home
590,4,27,1,2025-06-27,2025-07-02,2025-07-07,258.76,258.76,Home
797,18,7,5,2024-10-05,2024-10-05,2024-10-07,302.24,1511.2,Home
643,42,7,1,2025-08-30,2025-09-03,2025-09-10,302.24,302.24,Home
59,73,7,1,2024-10-25,2024-10-27,,302.24,302.24,Home
536,58,37,2,2025-07-12,2025-07-15,2025-07-17,460.06,920.12,Home
618,82,25,3,2024-11-09,2024-11-10,,486.23,1458.69,Home
860,93,2,4,2024-10-07,2024-10-11,2024-10-21,380.33,1521.32,Home
70,20,18,3,2024-10-23,2024-10-24,2024-10-29,386.61,1159.83,Home
387,87,47,4,2025-07-05,2025-07-05,2025-07-06,48.59,194.36,Home
143,60,4,5,2024-10-06,2024-10-09,2024-10-17,84.89,424.45,Home
162,54,4,2,2025-06-28,2025-07-03,2025-07-08,84.89,169.78,Home
777,85,31,5,2025-02-13,2025-02-16,2025-02-23,258.75,1293.75,Home
916,28,31,2,2024-10-02,2024-10-05,2024-10-12,258.75,517.5,Home
941,22,9,5,2025-04-10,2025-04-12,2025-04-20,301.99,1509.95,Home
828,24,9,4,2025-02-20,2025-02-25,2025-02-26,301.99,1207.96,Home
595,19,9,1,2025-05-19,2025-05-21,2025-05-27,301.99,301.99,Home
699,65,42,2,2024-09-17,2024-09-20,2024-09-30,492.81,985.62,Home
358,60,41,3,2025-03-30,2025-03-31,2025-04-03,187.86,563.58,Sports
262,34,43,1,2024-10-04,2024-10-07,2024-10-08,405.32,405.32,Sports
120,54,43,4,2025-07-26,2025-07-29,2025-08-05,405.32,1621.28,Sports
29,36,30,2,2025-01-16,2025-01-19,2025-01-29,422.42,844.84,Sports
711,39,30,1,2025-03-22,2025-03-25,2025-03-28,422.42,422.42,Sports
413,16,30,1,2025-07-07,2025-07-07,2025-07-17,422.42,422.42,Sports
579,57,30,3,2025-01-11,2025-01-14,2025-01-24,422.42,1267.26,Sports
680,48,30,5,2025-05-27,2025-05-28,2025-05-29,422.42,2112.1,Sports
433,39,30,1,2025-02-11,2025-02-12,2025-02-19,422.42,422.42,Sports
677,16,13,2,2025-07-11,2025-07-14,2025-07-22,471.79,943.58,Sports
918,28,13,1,2025-03-07,2025-03-07,2025-03-08,471.79,471.79,Sports
3,71,11,3,2025-08-22,2025-08-24,2025-09-01,133.19,399.57,Sports
675,39,11,2,2024-10-31,2024-11-01,2024-11-03,133.19,266.38,Sports
940,59,11,3,2025-01-08,2025-01-09,2025-01-16,133.19,399.57,Sports
35,8,11,4,2024-12-25,2024-12-29,2025-01-05,133.19,532.76,Sports
521,23,50,4,2025-04-05,2025-04-06,2025-04-16,489.21,1956.84,Sports
37,59,19,4,2025-07-05,2025-07-05,2025-07-12,176.69,706.76,Sports
695,67,19,1,2025-02-25,2025-03-02,2025-03-05,176.69,176.69,Sports
956,65,45,4,2025-07-30,2025-08-03,2025-08-05,128.03,512.12,Sports
199,14,45,3,2024-09-28,2024-09-30,2024-10-03,128.03,384.09,Sports
